[
    {
        "hash": "695ea3197ff170b522b6afa5d09380360ad5",
        "salt": "xxjf34azu3",
        "user": "User0"
    },
    {
        "hash": "55ea429363e10fe914b58982a9dd55988274",
        "salt": "qzfczbttv5",
        "user": "User1"
    },
    {
        "hash": "00d7520f459683e5305604debf4c18bbce6e",
        "salt": "6cif4qd631",
        "user": "User2"
    },
    {
        "hash": "dade0f5dcb729e9a7c72b4860f4e1458e42b",
        "salt": "3uazvke354",
        "user": "User3"
    },
    {
        "hash": "ab3528388b7be1298fae82f6de9485c44ab6",
        "salt": "9w2s842zf8",
        "user": "User4"
    },
    {
        "hash": "796f895690e95689fd8dcbc75b7b9e4f911e",
        "salt": "sddksmow9y",
        "user": "User5"
    },
    {
        "hash": "5638f8740b4f1692d04f3fca3c4bb9f4f673",
        "salt": "enftfk0r06",
        "user": "User6"
    },
    {
        "hash": "e6212d20f0e57933d4fd189c99e10f930a1f",
        "salt": "p57pf82s0i",
        "user": "User7"
    },
    {
        "hash": "180d8692f89895064ded83c5916aafc7cee0",
        "salt": "63wmbjac2u",
        "user": "User8"
    },
    {
        "hash": "7c3de402cb503f7cf8c70f90700ef280b238",
        "salt": "6b493k748b",
        "user": "User9"
    },
    {
        "hash": "5559d2d057882328db979f1ef1057e75c591",
        "salt": "2jr3bxnoum",
        "user": "User10"
    },
    {
        "hash": "d1a16c77b42dd66161edd5b3737da20e1bf2",
        "salt": "0k00eq56p5",
        "user": "User11"
    },
    {
        "hash": "a75ffd4e796ba7aa204b607030c0aaa60ba4",
        "salt": "wl3cuvl12e",
        "user": "User12"
    },
    {
        "hash": "65488e05195cdb6a19bfebd7f7027d61b042",
        "salt": "h7w8my3iat",
        "user": "User13"
    },
    {
        "hash": "03f010a1f8e145d2d22792c50d77ac6ccf1e",
        "salt": "wj95l5x7iz",
        "user": "User14"
    },
    {
        "hash": "36d9b9632e740880cf279fb7a515c3a46654",
        "salt": "b7whnezqxi",
        "user": "User15"
    }
]