[
    {
        "hash": "915ca002c965a018b3bf99ded09380360ad5",
        "salt": "xxjf34azu3",
        "user": "User0"
    },
    {
        "hash": "831d5210463bc7d63a6da0e2620ae8034016",
        "salt": "fczbttv5pu",
        "user": "User1"
    },
    {
        "hash": "4be8f0ecbe82b24ec49101eeffe9978c6765",
        "salt": "4qd631qtyi",
        "user": "User2"
    },
    {
        "hash": "2fe5ebd195f5e02b16393863df5e45e5d64a",
        "salt": "e354p8yq9w",
        "user": "User3"
    },
    {
        "hash": "c40e9fe9c7abf0e81e0229fb242572644260",
        "salt": "f8f0y1sddk",
        "user": "User4"
    },
    {
        "hash": "c782baa383b27dc66d47d663492d26a480fe",
        "salt": "qd2nenftfk",
        "user": "User5"
    },
    {
        "hash": "6087faf45bd088c99bda10ee17da021e1e18",
        "salt": "hdp57pf82s",
        "user": "User6"
    },
    {
        "hash": "bad140e042862cc1d4024a8e916aafc7cee0",
        "salt": "63wmbjac2u",
        "user": "User7"
    },
    {
        "hash": "c8a8bcdd35867e9bf5f967cf39d94fd2af0d",
        "salt": "493k748bbc",
        "user": "User8"
    },
    {
        "hash": "e228d1ae81c0eaaaf1eaafb8104c8357c4fe",
        "salt": "bxnoum8e40",
        "user": "User9"
    },
    {
        "hash": "eb9062d56c78986214b905ffa6b17a4978c4",
        "salt": "56p5vf8fwl",
        "user": "User10"
    },
    {
        "hash": "00c11a22ecd6bad4c335f11c5d5eed69a011",
        "salt": "2eercgh7w8",
        "user": "User11"
    },
    {
        "hash": "406e0be95949fba308427a935a9e198addf2",
        "salt": "pc83wj95l5",
        "user": "User12"
    },
    {
        "hash": "50b3b3fbe895118db372bc5d7d4fb69a2173",
        "salt": "wyb7whnezq",
        "user": "User13"
    },
    {
        "hash": "11d9a1c002c2279559c4e333500ff84505b3",
        "salt": "rjajv4stn9",
        "user": "User14"
    },
    {
        "hash": "e0e09045b0ed5d77845d9a47ddc67ebd6e54",
        "salt": "ofljot20yf",
        "user": "User15"
    }
]