[
    {
        "hash": "c03a73b0e7451acf0ba976e1d09380360ad5",
        "salt": "xxjf34azu3",
        "user": "User0"
    },
    {
        "hash": "9146cbc39b7bdbb6dddfbf425bacd9f32f57",
        "salt": "zbttv5pu1y",
        "user": "User1"
    },
    {
        "hash": "ea7b96fd30074945ba2c83526a3f385908bf",
        "salt": "31qtyi3uaz",
        "user": "User2"
    },
    {
        "hash": "223c188befb66d3b754183637f8c900f97ef",
        "salt": "yq9w2s842z",
        "user": "User3"
    },
    {
        "hash": "0ab5c9adbb7da74b904808dc88c6dc992bb0",
        "salt": "dksmow9yqd",
        "user": "User4"
    },
    {
        "hash": "6501e38cefaa6639d744d7f2c9be7e44954b",
        "salt": "0r06vvhdp5",
        "user": "User5"
    },
    {
        "hash": "63e711c023938b3aa2a3e0bec86e7d57b6ee",
        "salt": "hr3b63wmbj",
        "user": "User6"
    },
    {
        "hash": "0c67c8754d99e99865a60d7c700ef280b238",
        "salt": "6b493k748b",
        "user": "User7"
    },
    {
        "hash": "85c0e52262abf6d047d4cd59104c8357c4fe",
        "salt": "bxnoum8e40",
        "user": "User8"
    },
    {
        "hash": "06c3fd018cf3c41756ca2acaf3c71c1b3104",
        "salt": "p5vf8fwl3c",
        "user": "User9"
    },
    {
        "hash": "762f62a1a2adcea8db101b96a28836fe0f0b",
        "salt": "cgh7w8my3i",
        "user": "User10"
    },
    {
        "hash": "7cd2c5c24dbdac0e377200b8379b9d246fb2",
        "salt": "95l5x7izt6",
        "user": "User11"
    },
    {
        "hash": "0ed5cf9a50b2190891254066698348ad4c11",
        "salt": "zqxi8j94rj",
        "user": "User12"
    },
    {
        "hash": "e73944615ddc8ba85734056fa1a9241b8135",
        "salt": "w96d6foflj",
        "user": "User13"
    },
    {
        "hash": "1077b1773d36c703c182fc73aff056526ec9",
        "salt": "9y68v0e3yr",
        "user": "User14"
    },
    {
        "hash": "048c7d4bda3c4cf65b3c6056c5c289db6124",
        "salt": "wnfvncgv3n",
        "user": "User15"
    }
]