[
    {
        "hash": "8cee2193a6d5b907d997c8fb",
        "user": "User0"
    },
    {
        "hash": "d5c7a80194247bc2157c52c3",
        "user": "User1"
    },
    {
        "hash": "4552d592b3166c86b13a2703",
        "user": "User2"
    },
    {
        "hash": "ca1fcf708ee2ecd164bae0e2",
        "user": "User3"
    },
    {
        "hash": "2090d269432a354f6cf1f55f",
        "user": "User4"
    },
    {
        "hash": "bdb61a185b794490c98d4419",
        "user": "User5"
    },
    {
        "hash": "56732c96236f187189e2fdce",
        "user": "User6"
    },
    {
        "hash": "2b131c98aa575b11ea52fa2a",
        "user": "User7"
    },
    {
        "hash": "e94bc366ee6101aa3d7cf5e7",
        "user": "User8"
    },
    {
        "hash": "bf16888e6854ed28e3994813",
        "user": "User9"
    },
    {
        "hash": "f9c4fa1a2ea14a594bb31048",
        "user": "User10"
    },
    {
        "hash": "06a1705ec9243dd625ff9902",
        "user": "User11"
    },
    {
        "hash": "49f469704649560a74ac258c",
        "user": "User12"
    },
    {
        "hash": "96ce258fe27848996d6e9121",
        "user": "User13"
    },
    {
        "hash": "1bfa81b39de11a47b5813879",
        "user": "User14"
    },
    {
        "hash": "1ce7a219dcc9cd21cb9d156a",
        "user": "User15"
    },
    {
        "hash": "319d0b4fff9ba74f7f727aae",
        "user": "User16"
    },
    {
        "hash": "8751a277b79cf445c68493bb",
        "user": "User17"
    },
    {
        "hash": "9285a1449b9cd95a39333b7c",
        "user": "User18"
    },
    {
        "hash": "28b52b41da6378d4739d02c8",
        "user": "User19"
    },
    {
        "hash": "2c6fe1ef03d9d800c6972c55",
        "user": "User20"
    },
    {
        "hash": "3a713b285bbe2e0c4416f609",
        "user": "User21"
    },
    {
        "hash": "a5294ac5add5ed171eda8386",
        "user": "User22"
    },
    {
        "hash": "5ce9d08789b7342517c5a7a3",
        "user": "User23"
    },
    {
        "hash": "dcd9d7938953cad777cdc676",
        "user": "User24"
    },
    {
        "hash": "0acedbfb7a605e0038c356eb",
        "user": "User25"
    },
    {
        "hash": "b0f14ada04c4cae3b5673ec5",
        "user": "User26"
    },
    {
        "hash": "1e10a9589b83adc43f9adaac",
        "user": "User27"
    },
    {
        "hash": "236a67785b81d0af9768e351",
        "user": "User28"
    },
    {
        "hash": "13430291f8085bbcee1f7fe0",
        "user": "User29"
    },
    {
        "hash": "ace9abf18ebebbe0967b66f7",
        "user": "User30"
    },
    {
        "hash": "04005724f091c0d5f92f250c",
        "user": "User31"
    },
    {
        "hash": "8c81be69254adfa2ed26b1c4",
        "user": "User32"
    },
    {
        "hash": "cf8bc6d161718bf37152dca0",
        "user": "User33"
    },
    {
        "hash": "2f47e3ed49e4fcd7c546ad4e",
        "user": "User34"
    },
    {
        "hash": "726e38f8ba21230387c50ea6",
        "user": "User35"
    },
    {
        "hash": "4ac4d1e708bf8bd04c8037dd",
        "user": "User36"
    },
    {
        "hash": "e359a0f927e816beed3de1b3",
        "user": "User37"
    },
    {
        "hash": "b29df60ad6f574507fe63a39",
        "user": "User38"
    },
    {
        "hash": "f4b7029a89fd84b8718e4b0a",
        "user": "User39"
    },
    {
        "hash": "7901e49e7f7a6062fac00d5c",
        "user": "User40"
    },
    {
        "hash": "ca61647d88702326e1b1be8e",
        "user": "User41"
    },
    {
        "hash": "a66dfee7e2a83445eaf281b9",
        "user": "User42"
    },
    {
        "hash": "ef1b839d4385bd45714b2b95",
        "user": "User43"
    },
    {
        "hash": "d15e2fd13801f81e193f354b",
        "user": "User44"
    },
    {
        "hash": "484507ecf0a0ef8b68ccd636",
        "user": "User45"
    },
    {
        "hash": "d6c47ee020fafd62eeefa258",
        "user": "User46"
    },
    {
        "hash": "cba016c31a88e2bb40d6abed",
        "user": "User47"
    },
    {
        "hash": "19e079fb7b6d36c9f7ad8baa",
        "user": "User48"
    },
    {
        "hash": "f677e1f1018d13c6ecbbcb85",
        "user": "User49"
    },
    {
        "hash": "cd2141c051dc9fe5d92c5c73",
        "user": "User50"
    },
    {
        "hash": "d95228bb9e550ead48348f57",
        "user": "User51"
    },
    {
        "hash": "2ec1df5de3c25552a1ca2fff",
        "user": "User52"
    },
    {
        "hash": "39fea52f2454c654243f0eb2",
        "user": "User53"
    },
    {
        "hash": "ba8f46880f7af174c4d9ced0",
        "user": "User54"
    },
    {
        "hash": "09bc0d0bacb23721db70eeb2",
        "user": "User55"
    },
    {
        "hash": "24df32c1106b961c933ca30f",
        "user": "User56"
    },
    {
        "hash": "2fdebea93fca0fdc217a622f",
        "user": "User57"
    },
    {
        "hash": "cabe01bc8c00f895398c0a94",
        "user": "User58"
    },
    {
        "hash": "15c2a637e7d1123580164b54",
        "user": "User59"
    },
    {
        "hash": "98bc7cb41bbb43a23851d159",
        "user": "User60"
    },
    {
        "hash": "44a0a29ad1d475c1a1a772b1",
        "user": "User61"
    },
    {
        "hash": "0998bcb460c4e1c61fddc541",
        "user": "User62"
    },
    {
        "hash": "9619bc8a55a23bb7522224a6",
        "user": "User63"
    },
    {
        "hash": "642639b029f66bbd66f2c6d5",
        "user": "User64"
    },
    {
        "hash": "79181c92173d191ff956af68",
        "user": "User65"
    },
    {
        "hash": "ef24e385d427d3bc97e86d82",
        "user": "User66"
    },
    {
        "hash": "34b7929cd10e1ba9e06431b1",
        "user": "User67"
    },
    {
        "hash": "51391bf0ab33e8272bcfca0d",
        "user": "User68"
    },
    {
        "hash": "b6591b2f7ba123f33f1add4f",
        "user": "User69"
    },
    {
        "hash": "a1e86db0ad7850bfd1deb895",
        "user": "User70"
    },
    {
        "hash": "875afdcaabf8e249bea7f84e",
        "user": "User71"
    },
    {
        "hash": "f66014f7dd7643bb9b395d79",
        "user": "User72"
    },
    {
        "hash": "9dbcde2ec03db67e0b02f76a",
        "user": "User73"
    },
    {
        "hash": "63cf0d36ee00e946b86e3cc9",
        "user": "User74"
    },
    {
        "hash": "402622ecb813379ab33c694a",
        "user": "User75"
    },
    {
        "hash": "03e0cd30260e7d470eec143c",
        "user": "User76"
    },
    {
        "hash": "7e7a0dabcccc1baea86a96b0",
        "user": "User77"
    },
    {
        "hash": "dfd4c77c116d9e4e78cd4959",
        "user": "User78"
    },
    {
        "hash": "4d52738dfb8d96980891e234",
        "user": "User79"
    },
    {
        "hash": "9c86560c776499a1ea81e932",
        "user": "User80"
    },
    {
        "hash": "04dd1197767bd14b33a60b0f",
        "user": "User81"
    },
    {
        "hash": "87d1c5c093837e89ccb02c71",
        "user": "User82"
    },
    {
        "hash": "4dafd1e61e21b96d4607526e",
        "user": "User83"
    },
    {
        "hash": "5b24d30aa5768d30a61818fe",
        "user": "User84"
    },
    {
        "hash": "5697b1b09d70618c3d7f38d2",
        "user": "User85"
    },
    {
        "hash": "837db5d611e340cf50cc0806",
        "user": "User86"
    },
    {
        "hash": "b1a868a91627ef50e1593638",
        "user": "User87"
    },
    {
        "hash": "748e993f5d968fb3d4ae5c9f",
        "user": "User88"
    },
    {
        "hash": "ed7f59d69d604df2f4c76c1f",
        "user": "User89"
    },
    {
        "hash": "6bb764d830f1ea7876889192",
        "user": "User90"
    },
    {
        "hash": "890125a64eb770b82e5848b8",
        "user": "User91"
    },
    {
        "hash": "478b302db4f5fdd1a7a4411d",
        "user": "User92"
    },
    {
        "hash": "cef714c3215493a4b741c2d0",
        "user": "User93"
    },
    {
        "hash": "bccfc87fdd4cb40a10f16373",
        "user": "User94"
    },
    {
        "hash": "ce86ec6497990a59ad2d2948",
        "user": "User95"
    },
    {
        "hash": "7890391448702e41bff5e834",
        "user": "User96"
    },
    {
        "hash": "4bf7cd02f3317bfd4b923e04",
        "user": "User97"
    },
    {
        "hash": "4dbcd736265edc5719dd7d7f",
        "user": "User98"
    },
    {
        "hash": "0f16ed2b952e70c95803c236",
        "user": "User99"
    },
    {
        "hash": "c6491cd71288a275e9583315",
        "user": "User100"
    },
    {
        "hash": "0db6672169c30b69ba356a43",
        "user": "User101"
    },
    {
        "hash": "1ab999e411cf51b77cda1241",
        "user": "User102"
    },
    {
        "hash": "ec009d15fa4767cb29955dfa",
        "user": "User103"
    },
    {
        "hash": "bf3687b42a7564d246cad6c2",
        "user": "User104"
    },
    {
        "hash": "df86c9ebd1e4f957df41e4e3",
        "user": "User105"
    },
    {
        "hash": "4a8d4b66d43a622886ebd1ac",
        "user": "User106"
    },
    {
        "hash": "5f99e102525d07c6b832ab41",
        "user": "User107"
    },
    {
        "hash": "c95ff41814d09a9366106123",
        "user": "User108"
    },
    {
        "hash": "f568fac57ea753d362db7724",
        "user": "User109"
    },
    {
        "hash": "8edc12e175d93e4a5bf1d62f",
        "user": "User110"
    },
    {
        "hash": "8c6e30cf9de65df644baf0d8",
        "user": "User111"
    },
    {
        "hash": "2302dbfe43410a59a6cc8e1d",
        "user": "User112"
    },
    {
        "hash": "fa1b59e22de4659ce10efd1e",
        "user": "User113"
    },
    {
        "hash": "86c5774b7a4db6174ee4387a",
        "user": "User114"
    },
    {
        "hash": "024c329409e6e521120a9378",
        "user": "User115"
    },
    {
        "hash": "4e4a7142afa0e0bfcbc34cf9",
        "user": "User116"
    },
    {
        "hash": "edd7c4590215a8552b72842d",
        "user": "User117"
    },
    {
        "hash": "4fe8ce02f7bfb0d469c48aa1",
        "user": "User118"
    },
    {
        "hash": "3810239cab8af962105582cb",
        "user": "User119"
    },
    {
        "hash": "4eb48a332031a2367ab5e10d",
        "user": "User120"
    },
    {
        "hash": "c44084fba79858965ebd3635",
        "user": "User121"
    },
    {
        "hash": "512f710e8612d9bdefc7b01a",
        "user": "User122"
    },
    {
        "hash": "cc68c89e9e97473815a6e5c2",
        "user": "User123"
    },
    {
        "hash": "26331e467fe6108a04f9f27d",
        "user": "User124"
    },
    {
        "hash": "11f7d10f2e3d78203c9bd296",
        "user": "User125"
    },
    {
        "hash": "9f7c716eec8dcbf186da7baf",
        "user": "User126"
    },
    {
        "hash": "b5537f34eaa68bc9fde24cce",
        "user": "User127"
    },
    {
        "hash": "2355b71cf5683cb0c597810f",
        "user": "User128"
    },
    {
        "hash": "2d25900b7bc81f37805df9c0",
        "user": "User129"
    },
    {
        "hash": "d7b5c9f53e42009d8021882e",
        "user": "User130"
    },
    {
        "hash": "b57e4f26388f38d306c2209f",
        "user": "User131"
    },
    {
        "hash": "41d6ee66737219abd20c35cd",
        "user": "User132"
    },
    {
        "hash": "37b8c929314864a088a1a400",
        "user": "User133"
    },
    {
        "hash": "7f0923f41bf4841de9b0b3e2",
        "user": "User134"
    },
    {
        "hash": "4eb744ef8d1e71c201365094",
        "user": "User135"
    },
    {
        "hash": "19e67c338141c7d58a22fc7a",
        "user": "User136"
    },
    {
        "hash": "572a3b76cc925a9659ecf1f8",
        "user": "User137"
    },
    {
        "hash": "07674f8728d1eb4895ccb6dd",
        "user": "User138"
    },
    {
        "hash": "095f027c3ab241300a5b91a3",
        "user": "User139"
    },
    {
        "hash": "aeb3f85e14ec5d735ce45288",
        "user": "User140"
    },
    {
        "hash": "1286e459cfc9628cbed34bf1",
        "user": "User141"
    },
    {
        "hash": "ac5e95d21fa0ced03ff16e19",
        "user": "User142"
    },
    {
        "hash": "7901da324f0c0986109109d5",
        "user": "User143"
    },
    {
        "hash": "2a81676d87c7ea2cc26e9938",
        "user": "User144"
    },
    {
        "hash": "91ec67f021086abf45755b04",
        "user": "User145"
    },
    {
        "hash": "76479bf702fbe2f0ff4cf577",
        "user": "User146"
    },
    {
        "hash": "2bd6c8f794f4266982d331c2",
        "user": "User147"
    },
    {
        "hash": "b38954418a38f3cedf9ccb08",
        "user": "User148"
    },
    {
        "hash": "40e5afdfa248fc24106c1686",
        "user": "User149"
    },
    {
        "hash": "ca44742211d2258ceae656b4",
        "user": "User150"
    },
    {
        "hash": "a5991c54a47c939f4ab52801",
        "user": "User151"
    },
    {
        "hash": "384e0e89468d8752650b47ef",
        "user": "User152"
    },
    {
        "hash": "2cf532eabf1a0adb25233d48",
        "user": "User153"
    },
    {
        "hash": "2657d0e5d695d3caca00cb09",
        "user": "User154"
    },
    {
        "hash": "4779561755f69532b9759735",
        "user": "User155"
    },
    {
        "hash": "f26e8a5bd4ccb12fd892677d",
        "user": "User156"
    },
    {
        "hash": "7c7ce6355d30dbca5670618b",
        "user": "User157"
    },
    {
        "hash": "4534f5cd85c51c52faa1e827",
        "user": "User158"
    },
    {
        "hash": "1123117e945493498f13e5aa",
        "user": "User159"
    },
    {
        "hash": "96f8b835015667cea628db7e",
        "user": "User160"
    },
    {
        "hash": "b9179457cac721154c94f9a5",
        "user": "User161"
    },
    {
        "hash": "7076201e98ebb0fd20274870",
        "user": "User162"
    },
    {
        "hash": "0cf82af2ee4c8a72af6686d7",
        "user": "User163"
    },
    {
        "hash": "e7b0506670d4eca4d2380c54",
        "user": "User164"
    },
    {
        "hash": "4bc2386b2f2444d35bfd0a8a",
        "user": "User165"
    },
    {
        "hash": "2ce78b4e25798718047f63c1",
        "user": "User166"
    },
    {
        "hash": "4c482329b857e729e4493aa1",
        "user": "User167"
    },
    {
        "hash": "3e3d36bf55fa9877f8ac8faa",
        "user": "User168"
    },
    {
        "hash": "834f427a3c983b7adee5d9f1",
        "user": "User169"
    },
    {
        "hash": "f9c2034c19dff08d0113bfe6",
        "user": "User170"
    },
    {
        "hash": "74a8ef8c9a6fdcc7deb58e2e",
        "user": "User171"
    },
    {
        "hash": "f11382dc2394487cf2449665",
        "user": "User172"
    },
    {
        "hash": "783376f47fd1c20dd2e34caf",
        "user": "User173"
    },
    {
        "hash": "f6741c12d7c17b7775a2cff9",
        "user": "User174"
    },
    {
        "hash": "ff1d8e2e75f451dc21948d98",
        "user": "User175"
    },
    {
        "hash": "d5de40d68090c8a9e5908719",
        "user": "User176"
    },
    {
        "hash": "2b626f318e608d3160462f16",
        "user": "User177"
    },
    {
        "hash": "2db3e85717e5fd9527d8b513",
        "user": "User178"
    },
    {
        "hash": "0ed348ddd574b4d161bf0b83",
        "user": "User179"
    },
    {
        "hash": "b43fc56ad843c18d680e80ef",
        "user": "User180"
    },
    {
        "hash": "3fa7ff9a86ceed4c5fded2a7",
        "user": "User181"
    },
    {
        "hash": "8143b8951fa4233708936e46",
        "user": "User182"
    },
    {
        "hash": "3d049283bf4584d037608ade",
        "user": "User183"
    },
    {
        "hash": "3d32948822b5e22f271b3f5c",
        "user": "User184"
    },
    {
        "hash": "45df57f2ef601a84cf8dfcb8",
        "user": "User185"
    },
    {
        "hash": "e48b972b36b3748d972f843c",
        "user": "User186"
    },
    {
        "hash": "fe18511584718ee37f8da1aa",
        "user": "User187"
    },
    {
        "hash": "0cc8db9a7851bd38ace5f401",
        "user": "User188"
    },
    {
        "hash": "33fd2b0d895091fc3e1d8ae4",
        "user": "User189"
    },
    {
        "hash": "4aec32bbee8571e0675addec",
        "user": "User190"
    },
    {
        "hash": "6b7524fc61ed49f30994b167",
        "user": "User191"
    },
    {
        "hash": "a60582fd4510112c316f9690",
        "user": "User192"
    },
    {
        "hash": "363a4da13383f1af9350d040",
        "user": "User193"
    },
    {
        "hash": "987da27929c134de63018b8a",
        "user": "User194"
    },
    {
        "hash": "34156e25d54504d7045010f6",
        "user": "User195"
    },
    {
        "hash": "c27bbada1a957e970ddd362c",
        "user": "User196"
    },
    {
        "hash": "6c95e8090d797b0118686e96",
        "user": "User197"
    },
    {
        "hash": "ab0cf694e611ebe1c2de1811",
        "user": "User198"
    },
    {
        "hash": "b711d225f24a4150fe3aa57a",
        "user": "User199"
    },
    {
        "hash": "f9d4d7acb62e17c88c0841fa",
        "user": "User200"
    },
    {
        "hash": "ac080f1557d58d0fdd9e97ad",
        "user": "User201"
    },
    {
        "hash": "eb82cbe5cfe0e42f97317c03",
        "user": "User202"
    },
    {
        "hash": "29bb4376d7d12764cc0cc6b6",
        "user": "User203"
    },
    {
        "hash": "ad32e7fa5a16d745797fe477",
        "user": "User204"
    },
    {
        "hash": "62c8236a655d2477f54b9215",
        "user": "User205"
    },
    {
        "hash": "35fff52bf713f56dc344b70f",
        "user": "User206"
    },
    {
        "hash": "e0fee65af0f777a795714b40",
        "user": "User207"
    },
    {
        "hash": "7e07985d6a472e97fa50f73b",
        "user": "User208"
    },
    {
        "hash": "710463aeca29618994edd184",
        "user": "User209"
    },
    {
        "hash": "5db6c6cba65a0bb8ba77ee7f",
        "user": "User210"
    },
    {
        "hash": "134c4ffc89f8e0e07afa4fd4",
        "user": "User211"
    },
    {
        "hash": "961c0646f6909ce93c73e283",
        "user": "User212"
    },
    {
        "hash": "1825fb467460a85cf3e6cb28",
        "user": "User213"
    },
    {
        "hash": "6662d5195c386edc173d44a5",
        "user": "User214"
    },
    {
        "hash": "7d5b8b7ef8d9b704fe8c27c6",
        "user": "User215"
    },
    {
        "hash": "ff23f7585b43e6dd898bce05",
        "user": "User216"
    },
    {
        "hash": "668382e2ccedc8da0bbfde0b",
        "user": "User217"
    },
    {
        "hash": "85d6385b945c0d602103db39",
        "user": "User218"
    },
    {
        "hash": "eba78b1518ac5a59a5bfe873",
        "user": "User219"
    },
    {
        "hash": "7459f1f66b8451f5923a77e7",
        "user": "User220"
    },
    {
        "hash": "b0fe15a9a896db0d06c87250",
        "user": "User221"
    },
    {
        "hash": "a1a4e8d80957bf3bd22ca202",
        "user": "User222"
    },
    {
        "hash": "f0802b122170a646a820b032",
        "user": "User223"
    },
    {
        "hash": "57c62e5ed71e6e3518654ef8",
        "user": "User224"
    },
    {
        "hash": "7d60179199b6346c1fe6cfe8",
        "user": "User225"
    },
    {
        "hash": "31824ff00e7f383d2fdac3c8",
        "user": "User226"
    },
    {
        "hash": "5be25606f44b80eb425da946",
        "user": "User227"
    },
    {
        "hash": "62e11682826c9f11dba2084e",
        "user": "User228"
    },
    {
        "hash": "1f2898b4aae8a0ea981b9e9b",
        "user": "User229"
    },
    {
        "hash": "9c7e2f2a62d2645ed77be7e2",
        "user": "User230"
    },
    {
        "hash": "727f69466d7a6165f830042b",
        "user": "User231"
    },
    {
        "hash": "022fcb78e561f84016bd5da1",
        "user": "User232"
    },
    {
        "hash": "795dd370ff0c78ea2b56f8ce",
        "user": "User233"
    },
    {
        "hash": "096e6f141abedc2d471b145f",
        "user": "User234"
    },
    {
        "hash": "aa791d5b7c05fc7f4338911d",
        "user": "User235"
    },
    {
        "hash": "a8b25894e5fd03b3972fa88d",
        "user": "User236"
    },
    {
        "hash": "73349265bc0531859276de3d",
        "user": "User237"
    },
    {
        "hash": "ee6fbe638bd45ca6929d89db",
        "user": "User238"
    },
    {
        "hash": "bd373a43b49dcd41acb95991",
        "user": "User239"
    },
    {
        "hash": "3273433213281b5e8c55870a",
        "user": "User240"
    },
    {
        "hash": "09a188e1b2edd5be9718bac4",
        "user": "User241"
    },
    {
        "hash": "934c2d8103bc38844d24923e",
        "user": "User242"
    },
    {
        "hash": "6cf9a9cdaffa98f462f01484",
        "user": "User243"
    },
    {
        "hash": "4a22f6799e266c64a4a28eec",
        "user": "User244"
    },
    {
        "hash": "c5f4c6426cd17af684e9a13d",
        "user": "User245"
    },
    {
        "hash": "e49eea565a8d6b30b6a7995d",
        "user": "User246"
    },
    {
        "hash": "a8207f098961d075654816b6",
        "user": "User247"
    },
    {
        "hash": "df6e7ba36d1b3be60bf75f4d",
        "user": "User248"
    },
    {
        "hash": "5cb05e79691f68676a7e43fe",
        "user": "User249"
    },
    {
        "hash": "6939b4bad518d7b9e8f54887",
        "user": "User250"
    },
    {
        "hash": "063e8f017a9dd6d446773d62",
        "user": "User251"
    },
    {
        "hash": "8efdf6277686dd515e1a58d3",
        "user": "User252"
    },
    {
        "hash": "a215c23fccf109946ce1a811",
        "user": "User253"
    },
    {
        "hash": "396bd01d072a302d19693cdb",
        "user": "User254"
    },
    {
        "hash": "9b391308d4ce11d9cc007610",
        "user": "User255"
    },
    {
        "hash": "4a8b44b2adee08ea3634d18d",
        "user": "User256"
    },
    {
        "hash": "2150d2f2c0dc7dbeb515644b",
        "user": "User257"
    },
    {
        "hash": "affc209d13ebedc049df2ff4",
        "user": "User258"
    },
    {
        "hash": "97e3107eecab151328b29bea",
        "user": "User259"
    },
    {
        "hash": "367d0bd0523d063b22905e6e",
        "user": "User260"
    },
    {
        "hash": "9e89cb67801ad2262353f131",
        "user": "User261"
    },
    {
        "hash": "fbf207b63a824799549ae9af",
        "user": "User262"
    },
    {
        "hash": "2da084318481856ca878ff85",
        "user": "User263"
    },
    {
        "hash": "6b376770847b6017a44a2600",
        "user": "User264"
    },
    {
        "hash": "f1de7537361748b2bdbd36f3",
        "user": "User265"
    },
    {
        "hash": "942b29bfd4c07b737d1f3f61",
        "user": "User266"
    },
    {
        "hash": "19ef5ca914e902f43b84ceab",
        "user": "User267"
    },
    {
        "hash": "bf52e464505baa26f10eda86",
        "user": "User268"
    },
    {
        "hash": "fec21cbd386b0901a64ccecb",
        "user": "User269"
    },
    {
        "hash": "df27695f597ccfdc3e78adf8",
        "user": "User270"
    },
    {
        "hash": "e5ef8dac4417828796d063b5",
        "user": "User271"
    },
    {
        "hash": "ec89a2d7a6f4109b7de16a0c",
        "user": "User272"
    },
    {
        "hash": "18125362d9c0346bbd4efad4",
        "user": "User273"
    },
    {
        "hash": "0882495380cfeefd16850f34",
        "user": "User274"
    },
    {
        "hash": "2dd9f4eb75effcf0f62b2432",
        "user": "User275"
    },
    {
        "hash": "adfa5f97a7e37a3568e927cf",
        "user": "User276"
    },
    {
        "hash": "357fd3b624a2bc96848df544",
        "user": "User277"
    },
    {
        "hash": "e8d0f41ee054e079b62da30b",
        "user": "User278"
    },
    {
        "hash": "3591032ee84f0db034b55bf0",
        "user": "User279"
    },
    {
        "hash": "2c1977321d6b726b27709370",
        "user": "User280"
    },
    {
        "hash": "9c117e0703b24c88e26b9a78",
        "user": "User281"
    },
    {
        "hash": "dbdf74712a83d656a6f82392",
        "user": "User282"
    },
    {
        "hash": "57fccea6511ac06a5de8459d",
        "user": "User283"
    },
    {
        "hash": "8ef370700f38f4eab9b05df5",
        "user": "User284"
    },
    {
        "hash": "0e0ab46527d045396714ade3",
        "user": "User285"
    },
    {
        "hash": "bdd7eacff524fb1f7e4a11f2",
        "user": "User286"
    },
    {
        "hash": "682e32190f43892eccf96bcc",
        "user": "User287"
    },
    {
        "hash": "018637097e44ce92e969dce7",
        "user": "User288"
    },
    {
        "hash": "b16d068ed7e8ca1eca1d5f70",
        "user": "User289"
    },
    {
        "hash": "cacb288ab9b2959a861220c0",
        "user": "User290"
    },
    {
        "hash": "6e24765416d59fbb08fa6d90",
        "user": "User291"
    },
    {
        "hash": "fe23763086f62b6822cbc7e4",
        "user": "User292"
    },
    {
        "hash": "1ef856a6f7121dc805f7edc3",
        "user": "User293"
    },
    {
        "hash": "9560d7abd3ec7410e8e6af5b",
        "user": "User294"
    },
    {
        "hash": "1596af70593fc46e5687a52a",
        "user": "User295"
    },
    {
        "hash": "66aaea065ac375b1e0324616",
        "user": "User296"
    },
    {
        "hash": "2def3ec82d51572432d0a2fd",
        "user": "User297"
    },
    {
        "hash": "4f36031282a089eee4762dd6",
        "user": "User298"
    },
    {
        "hash": "5075369e340892eb846405a5",
        "user": "User299"
    },
    {
        "hash": "92536cf88ce2ac6150131e58",
        "user": "User300"
    },
    {
        "hash": "62684ebfcdec756c30a51c7c",
        "user": "User301"
    },
    {
        "hash": "02cd977d7df06ae446ed34d5",
        "user": "User302"
    },
    {
        "hash": "42853b86f6adab23b5fe5abe",
        "user": "User303"
    },
    {
        "hash": "6f72299cd98647c18998e57a",
        "user": "User304"
    },
    {
        "hash": "aa3fb325c7bb14b75c35517e",
        "user": "User305"
    },
    {
        "hash": "419063d2f040efc6b2ec94f6",
        "user": "User306"
    },
    {
        "hash": "1bb423f427a20d053a353be6",
        "user": "User307"
    },
    {
        "hash": "469e6f06054803bfa82cf3af",
        "user": "User308"
    },
    {
        "hash": "9c5154a9b7f2151d82cb5e03",
        "user": "User309"
    },
    {
        "hash": "e62801e718031d9e126da9bd",
        "user": "User310"
    },
    {
        "hash": "fcce9eaf12c37caf0f7ffa9f",
        "user": "User311"
    },
    {
        "hash": "e0b4babc93aff3d5bf4e8b73",
        "user": "User312"
    },
    {
        "hash": "ef6761887453e8f38c2caf6f",
        "user": "User313"
    },
    {
        "hash": "a87824998414f24293b7e8b6",
        "user": "User314"
    },
    {
        "hash": "921028b3e12693da41849468",
        "user": "User315"
    },
    {
        "hash": "0fc725c341f063e724707337",
        "user": "User316"
    },
    {
        "hash": "faa8f692af1369688e524862",
        "user": "User317"
    },
    {
        "hash": "96f2a693a61a9e2914d84ac5",
        "user": "User318"
    },
    {
        "hash": "6296009ef806f796ca86a1b8",
        "user": "User319"
    },
    {
        "hash": "122ad46900bc8388ec16dc5e",
        "user": "User320"
    },
    {
        "hash": "86a5a8fabefa987e7b22d824",
        "user": "User321"
    },
    {
        "hash": "1c6249cba7d16f5839036d07",
        "user": "User322"
    },
    {
        "hash": "2a520906efe7c9d67fec9694",
        "user": "User323"
    },
    {
        "hash": "dc765fd21cc64846bd54233c",
        "user": "User324"
    },
    {
        "hash": "ca9b7f19657d4b0e4b6540df",
        "user": "User325"
    },
    {
        "hash": "d3a283caf6ed2798142a76c4",
        "user": "User326"
    },
    {
        "hash": "0788a5d667579a996cb9c0fd",
        "user": "User327"
    },
    {
        "hash": "0ef8be855480bd09b6c3ddc6",
        "user": "User328"
    },
    {
        "hash": "74cabc72502e262bbf320d48",
        "user": "User329"
    },
    {
        "hash": "3dff55ae59f851a5fdc8215b",
        "user": "User330"
    },
    {
        "hash": "bf49cd156eff2c7b5327cc5e",
        "user": "User331"
    },
    {
        "hash": "ab71fce74161da8d43bdcb22",
        "user": "User332"
    },
    {
        "hash": "b1d77dd1e641fb930bc13bdb",
        "user": "User333"
    },
    {
        "hash": "1551f4f4445062371100b677",
        "user": "User334"
    },
    {
        "hash": "81eab0e87fb8b85ab232e0b8",
        "user": "User335"
    },
    {
        "hash": "90cce6e0ab0b0e449018aec2",
        "user": "User336"
    },
    {
        "hash": "3c0b22665c1138a875173c1e",
        "user": "User337"
    },
    {
        "hash": "1c826f9206d9ec19d758f34f",
        "user": "User338"
    },
    {
        "hash": "e5d846f814273323f8c85179",
        "user": "User339"
    },
    {
        "hash": "10b80799715c53eb97907ffc",
        "user": "User340"
    },
    {
        "hash": "297e52a42cc4c84d6b7ffe51",
        "user": "User341"
    },
    {
        "hash": "220cdfe2e67cfdab895caf7d",
        "user": "User342"
    },
    {
        "hash": "e7a69b8740dd263e13d2687e",
        "user": "User343"
    },
    {
        "hash": "9ad26f109fa44a56a9906816",
        "user": "User344"
    },
    {
        "hash": "6423f403af647f3ba64fcf65",
        "user": "User345"
    },
    {
        "hash": "bafa916f09fc4823de7d69da",
        "user": "User346"
    },
    {
        "hash": "22548623fd572b23095cb50a",
        "user": "User347"
    },
    {
        "hash": "fbcea089e20deec782398c7f",
        "user": "User348"
    },
    {
        "hash": "3521b7da2d0028ddb311533a",
        "user": "User349"
    },
    {
        "hash": "4b6d2d8b64b57cfe42245b9e",
        "user": "User350"
    },
    {
        "hash": "06a72c31e93604af26017530",
        "user": "User351"
    },
    {
        "hash": "ea7bfc68e1909909c75f25d6",
        "user": "User352"
    },
    {
        "hash": "8151dcf0be184e79ceb94fce",
        "user": "User353"
    },
    {
        "hash": "3ceab7b8ebbfceb3ff433fe6",
        "user": "User354"
    },
    {
        "hash": "d7cec5667c4afaba168ca4c0",
        "user": "User355"
    },
    {
        "hash": "cc763deb27392d466cac47d5",
        "user": "User356"
    },
    {
        "hash": "c5051ffbe33ed3e5e275099e",
        "user": "User357"
    },
    {
        "hash": "93e2827dd92326a96bbb343f",
        "user": "User358"
    },
    {
        "hash": "ab7c210e28381cfb21690916",
        "user": "User359"
    },
    {
        "hash": "0cd8b3f8f82018a2d726b5e4",
        "user": "User360"
    },
    {
        "hash": "9efddb2e8d82b0efadc913b2",
        "user": "User361"
    },
    {
        "hash": "acb9c2f15dd53a3edefb9feb",
        "user": "User362"
    },
    {
        "hash": "c941516b1a890692822d9ef1",
        "user": "User363"
    },
    {
        "hash": "b31d06dc6f1d831e21fe7695",
        "user": "User364"
    },
    {
        "hash": "9c31b46cd764d241ff427582",
        "user": "User365"
    },
    {
        "hash": "b33103b515329dd6b93fbb1c",
        "user": "User366"
    },
    {
        "hash": "e2c924520d584f92ecd085f5",
        "user": "User367"
    },
    {
        "hash": "fdbbc687baf974112b0321b3",
        "user": "User368"
    },
    {
        "hash": "463244671ba942537964487a",
        "user": "User369"
    },
    {
        "hash": "d6245609f9341aa8022554b4",
        "user": "User370"
    },
    {
        "hash": "e33ab2048f5398c880df1ff3",
        "user": "User371"
    },
    {
        "hash": "9e90374bbfe2c6a87a371d38",
        "user": "User372"
    },
    {
        "hash": "6382bb0318242c7dab180a11",
        "user": "User373"
    },
    {
        "hash": "e901492d14899f07d8f4f2a9",
        "user": "User374"
    },
    {
        "hash": "1ee5c22d7666a86224929e05",
        "user": "User375"
    },
    {
        "hash": "d65c0233cc92768b121e3752",
        "user": "User376"
    },
    {
        "hash": "957ec9e67d684fc2d87f6417",
        "user": "User377"
    },
    {
        "hash": "03bc5e7c4ad4f7914d341106",
        "user": "User378"
    },
    {
        "hash": "934578b6d0117047a7dfa3f2",
        "user": "User379"
    },
    {
        "hash": "67addd1fd492f492c397afab",
        "user": "User380"
    },
    {
        "hash": "80fa73868676828d3736b38e",
        "user": "User381"
    },
    {
        "hash": "d07caf01aee2a5d97002f63d",
        "user": "User382"
    },
    {
        "hash": "998fa6a2e657ad277041b7f2",
        "user": "User383"
    },
    {
        "hash": "690859d59e4df3d72c04cad0",
        "user": "User384"
    },
    {
        "hash": "86579f1131177ef50b2d6003",
        "user": "User385"
    },
    {
        "hash": "ad690d4101ab6eee397c8c80",
        "user": "User386"
    },
    {
        "hash": "f04000bd5ba5d4277ef6c005",
        "user": "User387"
    },
    {
        "hash": "eb431765e8b3d6e2051950cd",
        "user": "User388"
    },
    {
        "hash": "9188c638db184ec621ccbee5",
        "user": "User389"
    },
    {
        "hash": "0fa20d9ee9728e015259f6bd",
        "user": "User390"
    },
    {
        "hash": "a0eb7995188a5e1da6005909",
        "user": "User391"
    },
    {
        "hash": "217bb74c26ccc0a7a87ac316",
        "user": "User392"
    },
    {
        "hash": "61013b46c8c6575d5afb1fe2",
        "user": "User393"
    },
    {
        "hash": "2ef26b6c67aa27e241933d8a",
        "user": "User394"
    },
    {
        "hash": "3e6a48aa2c5cdae02a30cf3b",
        "user": "User395"
    },
    {
        "hash": "e9a91032127e470d6f91623b",
        "user": "User396"
    },
    {
        "hash": "540bbb8358d7126386ebae35",
        "user": "User397"
    },
    {
        "hash": "9f82f7b375f4aa1bd7d50abe",
        "user": "User398"
    },
    {
        "hash": "c82c7788b3ea6081f6f1c9ac",
        "user": "User399"
    },
    {
        "hash": "5d0eb2058d372b8a16fa8a1a",
        "user": "User400"
    },
    {
        "hash": "103205c58e5a4b24d1fa610f",
        "user": "User401"
    },
    {
        "hash": "d56ef9b67feb02082e2b3bbc",
        "user": "User402"
    },
    {
        "hash": "52dbe7722519b96601f2b3a3",
        "user": "User403"
    },
    {
        "hash": "60c53079e582bdc2e68637fc",
        "user": "User404"
    },
    {
        "hash": "947171933e52e6e926e470b1",
        "user": "User405"
    },
    {
        "hash": "ff66606282e8e43e28c2da73",
        "user": "User406"
    },
    {
        "hash": "dd40452db2f1dbeb895d10ff",
        "user": "User407"
    },
    {
        "hash": "632c991d681fa2a2874b9f41",
        "user": "User408"
    },
    {
        "hash": "de63801b5fedb2f4822e1a23",
        "user": "User409"
    },
    {
        "hash": "a06adaf129b45ecc5138ede4",
        "user": "User410"
    },
    {
        "hash": "2fa6deb4a23518fea25faac4",
        "user": "User411"
    },
    {
        "hash": "745d3eb2e4f85f8d34fb7477",
        "user": "User412"
    },
    {
        "hash": "da636a669c5b2b089692fe3e",
        "user": "User413"
    },
    {
        "hash": "2240f5f303a08b94afe21038",
        "user": "User414"
    },
    {
        "hash": "c2a8f7eeedd1226295adb96c",
        "user": "User415"
    },
    {
        "hash": "9c88557cc64a34fb9ff88509",
        "user": "User416"
    },
    {
        "hash": "9068bb37f4fab6af66ce3098",
        "user": "User417"
    },
    {
        "hash": "2f7ca4f85cc725fee3ccd403",
        "user": "User418"
    },
    {
        "hash": "0375fabfd09d453f8ab122ee",
        "user": "User419"
    },
    {
        "hash": "2dec35c3b6a8c36c63b449ad",
        "user": "User420"
    },
    {
        "hash": "1d118138cc96576d8d8bd53d",
        "user": "User421"
    },
    {
        "hash": "86babe16f70bdffb8179e8e5",
        "user": "User422"
    },
    {
        "hash": "91a40b4ab9c84365e298b9ee",
        "user": "User423"
    },
    {
        "hash": "6711f3d587f4d3e9989abe6d",
        "user": "User424"
    },
    {
        "hash": "6c2d891bf97808ed61ebf37e",
        "user": "User425"
    },
    {
        "hash": "f6b640e738a5715f9128750b",
        "user": "User426"
    },
    {
        "hash": "3af3f3002e87afe8aec91b7c",
        "user": "User427"
    },
    {
        "hash": "b470751d6f3411d49f1bddf5",
        "user": "User428"
    },
    {
        "hash": "3bb85613a3020c32d195c28f",
        "user": "User429"
    },
    {
        "hash": "b950b24eba619914e45c94f1",
        "user": "User430"
    },
    {
        "hash": "47316c594a995845b56a8a69",
        "user": "User431"
    },
    {
        "hash": "3f4652342b482e4ae3595b4c",
        "user": "User432"
    },
    {
        "hash": "17fb57c0ff5848997a36a3ab",
        "user": "User433"
    },
    {
        "hash": "47bcf634a705dfc2edd35d0d",
        "user": "User434"
    },
    {
        "hash": "d5099d7ba91bb4a329888815",
        "user": "User435"
    },
    {
        "hash": "ce54eef4ad4820aa3c3f1000",
        "user": "User436"
    },
    {
        "hash": "4450061f9a1db977f0b7890f",
        "user": "User437"
    },
    {
        "hash": "0f1c41c37dc7bbe4fd16f310",
        "user": "User438"
    },
    {
        "hash": "df228e1d29b035ace968a8f8",
        "user": "User439"
    },
    {
        "hash": "dd8c0642e7c646b6086106ab",
        "user": "User440"
    },
    {
        "hash": "104c0fa502709e16f2ca3465",
        "user": "User441"
    },
    {
        "hash": "cbe04349693a5b92aa401e9b",
        "user": "User442"
    },
    {
        "hash": "f7098cf84e5d12d72521bc39",
        "user": "User443"
    },
    {
        "hash": "4f61ed7553e42db79ed3edfb",
        "user": "User444"
    },
    {
        "hash": "e239cc8091df259a2e21a58b",
        "user": "User445"
    },
    {
        "hash": "7c57a7052d6c92a67075c652",
        "user": "User446"
    },
    {
        "hash": "6aee3e0270fa8d6a447c42db",
        "user": "User447"
    },
    {
        "hash": "512997bb9228a15b2086e8e0",
        "user": "User448"
    },
    {
        "hash": "b0feeaa848d4a6ed0c32407b",
        "user": "User449"
    },
    {
        "hash": "758c4f149ef82f09f737801b",
        "user": "User450"
    },
    {
        "hash": "341dd855799e612b9ed28581",
        "user": "User451"
    },
    {
        "hash": "a78cf6aff1b3c2ce3b936da8",
        "user": "User452"
    },
    {
        "hash": "503f7038bd486d6553243d9c",
        "user": "User453"
    },
    {
        "hash": "c4934dde29f50c5e2003a209",
        "user": "User454"
    },
    {
        "hash": "02f6f3100345299963f00735",
        "user": "User455"
    },
    {
        "hash": "21a2aff88bcf32f76c5b629e",
        "user": "User456"
    },
    {
        "hash": "c50cb45d283a76efa6219ded",
        "user": "User457"
    },
    {
        "hash": "b77e4aa940d582e418389ca6",
        "user": "User458"
    },
    {
        "hash": "63d8b751182516f88d98c139",
        "user": "User459"
    },
    {
        "hash": "2e4dcfa2bd559d9c7658e258",
        "user": "User460"
    },
    {
        "hash": "522323670598d13768becb9f",
        "user": "User461"
    },
    {
        "hash": "9525ff6f9eb5f00ac4a7bbf2",
        "user": "User462"
    },
    {
        "hash": "6836514ef4029b365e6ee414",
        "user": "User463"
    },
    {
        "hash": "d25ee62317f51d51e3f00ab7",
        "user": "User464"
    },
    {
        "hash": "60bf9dd2b4e4b7d127210831",
        "user": "User465"
    },
    {
        "hash": "706815987ec925c47e34c5ff",
        "user": "User466"
    },
    {
        "hash": "d37f3572c2c7003da5e09d8d",
        "user": "User467"
    },
    {
        "hash": "57a1a03dddcd7942d9b6dd4d",
        "user": "User468"
    },
    {
        "hash": "ddaac71d3d6a98a6cfbd3327",
        "user": "User469"
    },
    {
        "hash": "1ef73382dfa970aa4e6cf90c",
        "user": "User470"
    },
    {
        "hash": "dbf78485c90883743003fcae",
        "user": "User471"
    },
    {
        "hash": "e445e94190efd520f61f6d40",
        "user": "User472"
    },
    {
        "hash": "ac4d038df8d5430a119cde05",
        "user": "User473"
    },
    {
        "hash": "55571410e89f5dece129ff1c",
        "user": "User474"
    },
    {
        "hash": "8dccde54508a683c1a1897a7",
        "user": "User475"
    },
    {
        "hash": "feca02347ad97211f5f7389b",
        "user": "User476"
    },
    {
        "hash": "6bd978e47ef94718348880d8",
        "user": "User477"
    },
    {
        "hash": "e1e20e339d8e8f694586a60d",
        "user": "User478"
    },
    {
        "hash": "34adc2cc9233d69c450a4f3b",
        "user": "User479"
    },
    {
        "hash": "b97a840daf25d2c18f6f7a92",
        "user": "User480"
    },
    {
        "hash": "62df0cf930efbb1a5d290237",
        "user": "User481"
    },
    {
        "hash": "d8ed1c40170ffe32a56f90ad",
        "user": "User482"
    },
    {
        "hash": "936296ab95aea068bd2eea4a",
        "user": "User483"
    },
    {
        "hash": "0ff33754f4dd8762cf6f9179",
        "user": "User484"
    },
    {
        "hash": "09e2a45b3ee5957142b7786c",
        "user": "User485"
    },
    {
        "hash": "ca1303d0c8155cee9c6c6538",
        "user": "User486"
    },
    {
        "hash": "6e9b850efbe9dd54b12d8a77",
        "user": "User487"
    },
    {
        "hash": "2b49fb4420fb28eba6581c8e",
        "user": "User488"
    },
    {
        "hash": "a434b154588cad3e97130e9f",
        "user": "User489"
    },
    {
        "hash": "5531a9f8f4a8983dbdb79bb3",
        "user": "User490"
    },
    {
        "hash": "de8c4bce7f57e67cad6348bd",
        "user": "User491"
    },
    {
        "hash": "d657238adfb1ab5b8a6cb0c6",
        "user": "User492"
    },
    {
        "hash": "195916c961aec1cbeecea16f",
        "user": "User493"
    },
    {
        "hash": "07e729365ff8f9f6e3ebd37f",
        "user": "User494"
    },
    {
        "hash": "d59cab2f4e80b0a5636200fe",
        "user": "User495"
    },
    {
        "hash": "94d37ec35436730336d95df8",
        "user": "User496"
    },
    {
        "hash": "1e866f76471cf15e54864435",
        "user": "User497"
    },
    {
        "hash": "bc504da19ed9594f33e90af6",
        "user": "User498"
    },
    {
        "hash": "fccbff76d9274e12c6ebe4ac",
        "user": "User499"
    },
    {
        "hash": "2ae21fb8d26c5e6ed0e78f76",
        "user": "User500"
    },
    {
        "hash": "9c4f149aaea22fcee79881ed",
        "user": "User501"
    },
    {
        "hash": "5b55474b2ae9d1ae7da09eb7",
        "user": "User502"
    },
    {
        "hash": "f5c91b49712c50f2d31a4d0a",
        "user": "User503"
    },
    {
        "hash": "2d42602f448a7fe92c06afcf",
        "user": "User504"
    },
    {
        "hash": "3a59d3501d45163088bc35ff",
        "user": "User505"
    },
    {
        "hash": "dc388a1a8d7dcb70b3fa0a4a",
        "user": "User506"
    },
    {
        "hash": "e3b652f252f0ad6bcb55ca98",
        "user": "User507"
    },
    {
        "hash": "d28417cdbbdba5638d98dc45",
        "user": "User508"
    },
    {
        "hash": "5c6a8fc44587709219780efc",
        "user": "User509"
    },
    {
        "hash": "514ab9b2ed3bbbacdb411ef5",
        "user": "User510"
    },
    {
        "hash": "a6382a01e2447e8c2d90cf53",
        "user": "User511"
    },
    {
        "hash": "0decbf8c5a62b61803b9f7fa",
        "user": "User512"
    },
    {
        "hash": "a7ebe94a1a81aa0c5e82ddde",
        "user": "User513"
    },
    {
        "hash": "8c649cacc7fd3ead8e7a9980",
        "user": "User514"
    },
    {
        "hash": "fd8d0fd094f9a97528f543d8",
        "user": "User515"
    },
    {
        "hash": "ed55343dd78afb5b19140ff0",
        "user": "User516"
    },
    {
        "hash": "7123089f576328ecb34ed3fe",
        "user": "User517"
    },
    {
        "hash": "8142dc994068e7b92df37ba6",
        "user": "User518"
    },
    {
        "hash": "f3bb26e63c97db0613c6b1f7",
        "user": "User519"
    },
    {
        "hash": "ecab1f8bb4425792db4d7937",
        "user": "User520"
    },
    {
        "hash": "9137f4bb649e69ae5ef88213",
        "user": "User521"
    },
    {
        "hash": "3bf6e6cb1148f1a3b841b3ac",
        "user": "User522"
    },
    {
        "hash": "6d4a88a0170361cf2e278117",
        "user": "User523"
    },
    {
        "hash": "48362b6a41a1dff38e38d7c6",
        "user": "User524"
    },
    {
        "hash": "c493418dc8e35cae5211916e",
        "user": "User525"
    },
    {
        "hash": "7ffe80002b0ad32b79302d3a",
        "user": "User526"
    },
    {
        "hash": "ae1070695fa13a49a344fb9c",
        "user": "User527"
    },
    {
        "hash": "4a0917009512fb3d7b4b8984",
        "user": "User528"
    },
    {
        "hash": "bdf6b1d9729a4a8a08439bbd",
        "user": "User529"
    },
    {
        "hash": "0831480bd70b1df7b5bdf5a3",
        "user": "User530"
    },
    {
        "hash": "ec48035ec4cbc3c56563f2c2",
        "user": "User531"
    },
    {
        "hash": "24e10a2d05591596fc591f17",
        "user": "User532"
    },
    {
        "hash": "f91085627f636dcb365f0dfe",
        "user": "User533"
    },
    {
        "hash": "be57284447a7587e9efa3114",
        "user": "User534"
    },
    {
        "hash": "e0e1fe0335c79dadc38f9536",
        "user": "User535"
    },
    {
        "hash": "72a712a80a013eb3ee0db9e7",
        "user": "User536"
    },
    {
        "hash": "c22d8477ee781e0be24d72cd",
        "user": "User537"
    },
    {
        "hash": "a3c8f7318f7921c7ee16e50e",
        "user": "User538"
    },
    {
        "hash": "375df50c3be2ba24f2291704",
        "user": "User539"
    },
    {
        "hash": "8f3524116e95a6e7b45e58ad",
        "user": "User540"
    },
    {
        "hash": "2d5a490914f3b0ca3052a1fa",
        "user": "User541"
    },
    {
        "hash": "eb577cdb7c59ba7bd55b96b7",
        "user": "User542"
    },
    {
        "hash": "2d87b6130906cb13e1d29342",
        "user": "User543"
    },
    {
        "hash": "d379b819a36a161bfdf99014",
        "user": "User544"
    },
    {
        "hash": "5ae26bd2ebb0bb519116f439",
        "user": "User545"
    },
    {
        "hash": "6853693d35a9d6c7cfba8277",
        "user": "User546"
    },
    {
        "hash": "7ee5ae2558da4bb5e0cbb98b",
        "user": "User547"
    },
    {
        "hash": "895e63ce7839a2a961f2f62d",
        "user": "User548"
    },
    {
        "hash": "fb2c059c672edc8eb91eec46",
        "user": "User549"
    },
    {
        "hash": "e41f6a9c0923f44037794d3d",
        "user": "User550"
    },
    {
        "hash": "14cbe2594a1096e0776127b8",
        "user": "User551"
    },
    {
        "hash": "71985325c7d260a9711da7c2",
        "user": "User552"
    },
    {
        "hash": "969d8eb552eb39fa1dd30ea2",
        "user": "User553"
    },
    {
        "hash": "302339a23eeb672d8b40d0ea",
        "user": "User554"
    },
    {
        "hash": "976740e37376c9421baea4ea",
        "user": "User555"
    },
    {
        "hash": "7be132fc784830232de129e0",
        "user": "User556"
    },
    {
        "hash": "8a7ce49d6049c056e5ded7c5",
        "user": "User557"
    },
    {
        "hash": "bd5380b7c25b6dff22bf65a0",
        "user": "User558"
    },
    {
        "hash": "0d87d6efbda710244366e303",
        "user": "User559"
    },
    {
        "hash": "b91a8a9eaf3f0dda11a34e87",
        "user": "User560"
    },
    {
        "hash": "ff5f3c2e4e1d73541abffbfe",
        "user": "User561"
    },
    {
        "hash": "83461d051577ecd601bfa494",
        "user": "User562"
    },
    {
        "hash": "cc5529c1d5ae64ec83bcda9b",
        "user": "User563"
    },
    {
        "hash": "e38c1a7481687784365a4187",
        "user": "User564"
    },
    {
        "hash": "1dac9fbdcd348d007c8865e4",
        "user": "User565"
    },
    {
        "hash": "b94521071ab87f12b24e83ff",
        "user": "User566"
    },
    {
        "hash": "25bd9dcbf9c84ce42ec99241",
        "user": "User567"
    },
    {
        "hash": "a27a61c5dbf4dd6a6396f304",
        "user": "User568"
    },
    {
        "hash": "661fc6d0b4f806c957c8e0b0",
        "user": "User569"
    },
    {
        "hash": "14016fd5310028744042879a",
        "user": "User570"
    },
    {
        "hash": "4712469ac5fafe36a8e9adac",
        "user": "User571"
    },
    {
        "hash": "185e7617f14a871ac2651565",
        "user": "User572"
    },
    {
        "hash": "afc6804ee585d8d6c24caac1",
        "user": "User573"
    },
    {
        "hash": "a771829ef06fdb86a6f02906",
        "user": "User574"
    },
    {
        "hash": "0ecd2e8e22ada672b4742ce5",
        "user": "User575"
    },
    {
        "hash": "749e59bb0dea7a50cf429c53",
        "user": "User576"
    },
    {
        "hash": "355bce525bdb23aa87150720",
        "user": "User577"
    },
    {
        "hash": "3da488d9e78f30b72229d66e",
        "user": "User578"
    },
    {
        "hash": "1478ae8dc6ef6868e8fd6046",
        "user": "User579"
    },
    {
        "hash": "3f063009a635c5c3ba6932d0",
        "user": "User580"
    },
    {
        "hash": "dd7934baf64bc38329443a84",
        "user": "User581"
    },
    {
        "hash": "53b3261a334850a2619bc7ff",
        "user": "User582"
    },
    {
        "hash": "8e12e38957663ef114afe143",
        "user": "User583"
    },
    {
        "hash": "49ab6508850f17d59b7428eb",
        "user": "User584"
    },
    {
        "hash": "de0dc7b0a466300281b23078",
        "user": "User585"
    },
    {
        "hash": "b89a34a10d1972c129791cbf",
        "user": "User586"
    },
    {
        "hash": "f0ba7260e3b5e9fcb283b3ef",
        "user": "User587"
    },
    {
        "hash": "c71b5fe51d65dba26b9467c3",
        "user": "User588"
    },
    {
        "hash": "f1382eeda2811d8da277c9f1",
        "user": "User589"
    },
    {
        "hash": "0057c6b2c762be53e5966145",
        "user": "User590"
    },
    {
        "hash": "f0351bd0568f996304b3b9c5",
        "user": "User591"
    },
    {
        "hash": "9209baf573ba8c46c4b8487d",
        "user": "User592"
    },
    {
        "hash": "1392208fa53cd2e438398979",
        "user": "User593"
    },
    {
        "hash": "5d8d59e2cae64e608467073f",
        "user": "User594"
    },
    {
        "hash": "5070f9406750425c9a30e724",
        "user": "User595"
    },
    {
        "hash": "b0b5d05032d48967b37fa088",
        "user": "User596"
    },
    {
        "hash": "cdd58a2ccba85cbf5c3d5632",
        "user": "User597"
    },
    {
        "hash": "c2d366b0f58878678bd3f468",
        "user": "User598"
    },
    {
        "hash": "ce7acc3f1d1235f88a5064a2",
        "user": "User599"
    },
    {
        "hash": "8dba26d144cc258904a9c428",
        "user": "User600"
    },
    {
        "hash": "84f864c74a8be1ecad0cecdd",
        "user": "User601"
    },
    {
        "hash": "4a667bf2d7f30a953aa6ca7d",
        "user": "User602"
    },
    {
        "hash": "87d813d0ac20fdc44e9750cb",
        "user": "User603"
    },
    {
        "hash": "33105778dbbdcdfc13464182",
        "user": "User604"
    },
    {
        "hash": "c233e1bd335df903e04798ef",
        "user": "User605"
    },
    {
        "hash": "9a0cfb05bd1b4b1ce064dcb2",
        "user": "User606"
    },
    {
        "hash": "9466703d1fda692d891229c4",
        "user": "User607"
    },
    {
        "hash": "d9471f95b28ec3aac9c6f06f",
        "user": "User608"
    },
    {
        "hash": "845bf0cb505f2246a6f45ccc",
        "user": "User609"
    },
    {
        "hash": "6cbad33a4648b15eaa01d700",
        "user": "User610"
    },
    {
        "hash": "d236dcedc4542fa1aecdd533",
        "user": "User611"
    },
    {
        "hash": "a47126adef1fb70c2e1b4297",
        "user": "User612"
    },
    {
        "hash": "0bede7b6aebadb54e8d03b1b",
        "user": "User613"
    },
    {
        "hash": "30ae0ab317ab1db6355228b3",
        "user": "User614"
    },
    {
        "hash": "23904765675f52c085c8f3cb",
        "user": "User615"
    },
    {
        "hash": "c97d226ca4a16fe65816c264",
        "user": "User616"
    },
    {
        "hash": "5f522dd746b49cccd32dfc96",
        "user": "User617"
    },
    {
        "hash": "a297e845e41c7d0cc8d85a13",
        "user": "User618"
    },
    {
        "hash": "9b31f2cea9ef1bf7ad7d6911",
        "user": "User619"
    },
    {
        "hash": "689621345ebd89ca1e34d553",
        "user": "User620"
    },
    {
        "hash": "10aaf5a9080c63b83437feb0",
        "user": "User621"
    },
    {
        "hash": "5cdecdb478aaa5b625817ed1",
        "user": "User622"
    },
    {
        "hash": "19a61b998ebaa2a05b112121",
        "user": "User623"
    },
    {
        "hash": "44b96ce0f95d11edc307a140",
        "user": "User624"
    },
    {
        "hash": "c4a14e136126689ed38bc6e7",
        "user": "User625"
    },
    {
        "hash": "f4a9b031cb233af5cb2e7d41",
        "user": "User626"
    },
    {
        "hash": "c74fcc266fe490fd4285b46f",
        "user": "User627"
    },
    {
        "hash": "42182a154c97bc7c22340a70",
        "user": "User628"
    },
    {
        "hash": "8543343be3096449e95fab38",
        "user": "User629"
    },
    {
        "hash": "65fb63f9d9e3afa0b1c36589",
        "user": "User630"
    },
    {
        "hash": "175e9fbf52553ae24abf4246",
        "user": "User631"
    },
    {
        "hash": "355bfe434d4aba58ae41e5bb",
        "user": "User632"
    },
    {
        "hash": "44f9b0ffe5892cf9a3253998",
        "user": "User633"
    },
    {
        "hash": "3499b1bc1ed1de9daf30ecc2",
        "user": "User634"
    },
    {
        "hash": "9b1a1ce059fa0ded4d9bc02a",
        "user": "User635"
    },
    {
        "hash": "2a5bacddcd27fdb50f70cd06",
        "user": "User636"
    },
    {
        "hash": "646af5c89e31f5d76263ddef",
        "user": "User637"
    },
    {
        "hash": "588cfac5c233aa699428f60c",
        "user": "User638"
    },
    {
        "hash": "ca06b0d82b49a4e9706912d9",
        "user": "User639"
    },
    {
        "hash": "e697da639254fb16bc219e30",
        "user": "User640"
    },
    {
        "hash": "e3f1649a631455d34fe1427c",
        "user": "User641"
    },
    {
        "hash": "93dbcedd98eb6a3f6393476c",
        "user": "User642"
    },
    {
        "hash": "d2e86fbd483d1e9bbdc2ed16",
        "user": "User643"
    },
    {
        "hash": "a54d863ccbcdded48b615e82",
        "user": "User644"
    },
    {
        "hash": "9d729496fb80b00720efab16",
        "user": "User645"
    },
    {
        "hash": "99959db6305e768316ea5a39",
        "user": "User646"
    },
    {
        "hash": "7b4e2ea5cb97480672842cc0",
        "user": "User647"
    },
    {
        "hash": "afb498bb07b5d47e617c5a05",
        "user": "User648"
    },
    {
        "hash": "11dbae1d29572acd34bde51f",
        "user": "User649"
    },
    {
        "hash": "8bebb95d5ba53ee4d5817559",
        "user": "User650"
    },
    {
        "hash": "47c893b0e03f93487ffa28b8",
        "user": "User651"
    },
    {
        "hash": "f555baaa7d3f9077309d72b4",
        "user": "User652"
    },
    {
        "hash": "4c4a3983f06c1dc5f2f20302",
        "user": "User653"
    },
    {
        "hash": "6f2112a979268f6580c1a4e0",
        "user": "User654"
    },
    {
        "hash": "6339c1ddf0c29c988fb7f281",
        "user": "User655"
    },
    {
        "hash": "c3f1e0769119e75cdf401272",
        "user": "User656"
    },
    {
        "hash": "266cd616f5d9a696add79114",
        "user": "User657"
    },
    {
        "hash": "5eb2eae1eb7468c06e3dc7ad",
        "user": "User658"
    },
    {
        "hash": "2e305f52f19c0578d10a42ea",
        "user": "User659"
    },
    {
        "hash": "79f1b919c920c7dff3bf96e8",
        "user": "User660"
    },
    {
        "hash": "7f9af7aaccbe3ef532f71f5a",
        "user": "User661"
    },
    {
        "hash": "0cb9e8b0c5caadd9d90c0bb5",
        "user": "User662"
    },
    {
        "hash": "0e0d5819372367e05db1dc81",
        "user": "User663"
    },
    {
        "hash": "792c47d6f719306069330b9a",
        "user": "User664"
    },
    {
        "hash": "fa1c54abef140a4f9e908c32",
        "user": "User665"
    },
    {
        "hash": "a2987a737910b10e38f93bd7",
        "user": "User666"
    },
    {
        "hash": "121a776aca3bbc3ebf84b6be",
        "user": "User667"
    },
    {
        "hash": "2492ddec0b6b41cc85d67e7d",
        "user": "User668"
    },
    {
        "hash": "67bc6c9e3d44eb49aab6563a",
        "user": "User669"
    },
    {
        "hash": "dbcc838330d5f586c7330262",
        "user": "User670"
    },
    {
        "hash": "928526910093c5a33ce6b403",
        "user": "User671"
    },
    {
        "hash": "83e6173db9ba43e784610e7d",
        "user": "User672"
    },
    {
        "hash": "fdddabb669fab789d6184bb4",
        "user": "User673"
    },
    {
        "hash": "f7fc19889a85672111e5a3ad",
        "user": "User674"
    },
    {
        "hash": "9482dc56a75ff71a064a540d",
        "user": "User675"
    },
    {
        "hash": "8979db90412103a8a0534487",
        "user": "User676"
    },
    {
        "hash": "898e10c73ac4ff71ed9b816e",
        "user": "User677"
    },
    {
        "hash": "e01ef6485878a2b7431ae764",
        "user": "User678"
    },
    {
        "hash": "11ed60baf14d6a3d3ef85ae3",
        "user": "User679"
    },
    {
        "hash": "e846746d96148a70ca8e861b",
        "user": "User680"
    },
    {
        "hash": "2d319c47cda6e76c1e014c81",
        "user": "User681"
    },
    {
        "hash": "c627e4b7e67c8b481ec97eaa",
        "user": "User682"
    },
    {
        "hash": "f0c1445cb36b29ff3f89dd58",
        "user": "User683"
    },
    {
        "hash": "4e07ca6c7b327916bc5dd1fa",
        "user": "User684"
    },
    {
        "hash": "246c4ab231269ad9f9be804f",
        "user": "User685"
    },
    {
        "hash": "ca2f9a863b8748aa34e6f851",
        "user": "User686"
    },
    {
        "hash": "ca362b9d4ad39a47358fdb10",
        "user": "User687"
    },
    {
        "hash": "bef51dbd9bb7e2040ccc6efe",
        "user": "User688"
    },
    {
        "hash": "a3671908b869a2fe2efb4322",
        "user": "User689"
    },
    {
        "hash": "0924a59ebac667536ff996c3",
        "user": "User690"
    },
    {
        "hash": "61ac5a5804a2a834854fb4c7",
        "user": "User691"
    },
    {
        "hash": "aa29f078b14cad27dd9fee26",
        "user": "User692"
    },
    {
        "hash": "2d698e6c06829fedc758fb14",
        "user": "User693"
    },
    {
        "hash": "a31b9a3c0a595f722800406f",
        "user": "User694"
    },
    {
        "hash": "e2650b1e3310a608c5806ba9",
        "user": "User695"
    },
    {
        "hash": "6ebb72d3676b4d6b0ee01460",
        "user": "User696"
    },
    {
        "hash": "9c7805d0e7b2b3562d622cb5",
        "user": "User697"
    },
    {
        "hash": "e673515b2064879d99c76622",
        "user": "User698"
    },
    {
        "hash": "6462e28507505eb42315acc8",
        "user": "User699"
    },
    {
        "hash": "abbde528c3310a92d8a9f2ab",
        "user": "User700"
    },
    {
        "hash": "dac06ff0cfdde73d777b54b8",
        "user": "User701"
    },
    {
        "hash": "2d050528b3868a576260538d",
        "user": "User702"
    },
    {
        "hash": "ef50c034bde7a64b5459ddaf",
        "user": "User703"
    },
    {
        "hash": "ac4c489f3117e00b96d2d014",
        "user": "User704"
    },
    {
        "hash": "0eeeb58cd8bb5c5ca952ec6f",
        "user": "User705"
    },
    {
        "hash": "e1c3b5e09e2b52b9841ad819",
        "user": "User706"
    },
    {
        "hash": "8e9c7d217f9fb60d26d635f2",
        "user": "User707"
    },
    {
        "hash": "f6bd9e299a78af8c2bcd24e1",
        "user": "User708"
    },
    {
        "hash": "d7d7d5913f147a582b2988fb",
        "user": "User709"
    },
    {
        "hash": "58da77ce2bc58be1e8118173",
        "user": "User710"
    },
    {
        "hash": "268b8810756f4ced3efe4f74",
        "user": "User711"
    },
    {
        "hash": "c1ca2147ffd0d71fef656566",
        "user": "User712"
    },
    {
        "hash": "5326ac0b5ea70f8776e9b051",
        "user": "User713"
    },
    {
        "hash": "a2eefade2197b5fb0feb8e6a",
        "user": "User714"
    },
    {
        "hash": "38f51c2e31caf469a9d68ade",
        "user": "User715"
    },
    {
        "hash": "b3026a638887666d0b3bf65a",
        "user": "User716"
    },
    {
        "hash": "f18bf6042ecd3799353c4aaf",
        "user": "User717"
    },
    {
        "hash": "e25ecf92776da0aae8da6c40",
        "user": "User718"
    },
    {
        "hash": "3a3140a887ff5f08472cf617",
        "user": "User719"
    },
    {
        "hash": "e30ec0537fc1d5f827bdac3f",
        "user": "User720"
    },
    {
        "hash": "554835263b66aff70dcca753",
        "user": "User721"
    },
    {
        "hash": "0d9f120c4aa48455b589dfc9",
        "user": "User722"
    },
    {
        "hash": "b1af8382ed464ff3987ecaa3",
        "user": "User723"
    },
    {
        "hash": "ef10ec2715d734a0cca32538",
        "user": "User724"
    },
    {
        "hash": "16b9c039e0299399aca28640",
        "user": "User725"
    },
    {
        "hash": "484ecbee2b6aec4e01052c87",
        "user": "User726"
    },
    {
        "hash": "76be99e841e5e2f13b7463eb",
        "user": "User727"
    },
    {
        "hash": "8a5bea9d3e0f70d4ca4610e0",
        "user": "User728"
    },
    {
        "hash": "e0f8764e3a8777d33a6f0207",
        "user": "User729"
    },
    {
        "hash": "16d71b0c528174a73acea0ac",
        "user": "User730"
    },
    {
        "hash": "869c3f327bc017078bf9fca7",
        "user": "User731"
    },
    {
        "hash": "6f93ec6fd03f5cf7e728ef59",
        "user": "User732"
    },
    {
        "hash": "3ec1c2c2ea8966e216e6ae93",
        "user": "User733"
    },
    {
        "hash": "b820fb61c6cd9849d3eb6c65",
        "user": "User734"
    },
    {
        "hash": "64284b4cf9630a40963680f4",
        "user": "User735"
    },
    {
        "hash": "302d4021d60674004b5587c7",
        "user": "User736"
    },
    {
        "hash": "52cc9c1267ae69232408679d",
        "user": "User737"
    },
    {
        "hash": "10052dde4d11e86509cc9a72",
        "user": "User738"
    },
    {
        "hash": "85aa994ae552afa1f7914774",
        "user": "User739"
    },
    {
        "hash": "ef339f40f8f2207204bcb472",
        "user": "User740"
    },
    {
        "hash": "e208276879837897732f1372",
        "user": "User741"
    },
    {
        "hash": "cacf286c45bf71de9be221b4",
        "user": "User742"
    },
    {
        "hash": "cfdc354d9a50806e6beabc86",
        "user": "User743"
    },
    {
        "hash": "945ee43c183fb376cf12c8c4",
        "user": "User744"
    },
    {
        "hash": "9dabadcc53da6671837d4643",
        "user": "User745"
    },
    {
        "hash": "ce8a25b644bade3178e02116",
        "user": "User746"
    },
    {
        "hash": "7c8abe89bbded2d22bd63e85",
        "user": "User747"
    },
    {
        "hash": "ae08d33640b34cca1e82eaf6",
        "user": "User748"
    },
    {
        "hash": "5a19eafb552f0019246912f1",
        "user": "User749"
    },
    {
        "hash": "9dc31d45453ccfd36a84b336",
        "user": "User750"
    },
    {
        "hash": "333c1f72af5c654813589cf1",
        "user": "User751"
    },
    {
        "hash": "e7a9fd1869d09c967a4d0449",
        "user": "User752"
    },
    {
        "hash": "bbe495a595c831ebcdf5f6d1",
        "user": "User753"
    },
    {
        "hash": "66e6b82b1f77ae7305a2ba22",
        "user": "User754"
    },
    {
        "hash": "f490469c8fd07d39e01e0891",
        "user": "User755"
    },
    {
        "hash": "d7782dd66c47eeddc39a60ea",
        "user": "User756"
    },
    {
        "hash": "826530f1c0b945dbe2c9fc74",
        "user": "User757"
    },
    {
        "hash": "58768aa005dc46e08873cf4b",
        "user": "User758"
    },
    {
        "hash": "991a5004901a170911bdd6f2",
        "user": "User759"
    },
    {
        "hash": "a75490f8dde4722a00dbb938",
        "user": "User760"
    },
    {
        "hash": "84411f97170b25868dd9300c",
        "user": "User761"
    },
    {
        "hash": "a87e8cd7c88882c115f7db96",
        "user": "User762"
    },
    {
        "hash": "90a54ca7543bd82aee052f6f",
        "user": "User763"
    },
    {
        "hash": "08523dae33deb5f1990a701f",
        "user": "User764"
    },
    {
        "hash": "4076093d9af7e87165302afe",
        "user": "User765"
    },
    {
        "hash": "18e7c904c8d33f7a02a050e6",
        "user": "User766"
    },
    {
        "hash": "708558f0b96c0eca3db5c0d7",
        "user": "User767"
    },
    {
        "hash": "1c3be92c7eca06085181da13",
        "user": "User768"
    },
    {
        "hash": "29aab8ae59d13c77da9341f1",
        "user": "User769"
    },
    {
        "hash": "135fcf1dddac49cd0f78bf5a",
        "user": "User770"
    },
    {
        "hash": "df45423fd48275ac21c1f770",
        "user": "User771"
    },
    {
        "hash": "bdd3a9c42c32e97cbffa434c",
        "user": "User772"
    },
    {
        "hash": "46b18cddce3bde1b653e2fd1",
        "user": "User773"
    },
    {
        "hash": "b704e602375ddfa32f690458",
        "user": "User774"
    },
    {
        "hash": "a2f03880f69ae77284b26551",
        "user": "User775"
    },
    {
        "hash": "aa670ef33475ac1a0cac2f97",
        "user": "User776"
    },
    {
        "hash": "daf810261e16444740f3a8ae",
        "user": "User777"
    },
    {
        "hash": "af32f9d92760bd4a949c4f69",
        "user": "User778"
    },
    {
        "hash": "e24bf30d22de68469bad7e2d",
        "user": "User779"
    },
    {
        "hash": "0a61cff99f4676e32abc080a",
        "user": "User780"
    },
    {
        "hash": "c7f9b359a259654c2b98a811",
        "user": "User781"
    },
    {
        "hash": "a0c127eec878021ce618e493",
        "user": "User782"
    },
    {
        "hash": "ef1926150b354e40308a6dd8",
        "user": "User783"
    },
    {
        "hash": "e16e0a0da1332fa7a23ee71d",
        "user": "User784"
    },
    {
        "hash": "3a7a9790d6c5375225079e29",
        "user": "User785"
    },
    {
        "hash": "0cbcd7325428098163b8fef9",
        "user": "User786"
    },
    {
        "hash": "fa723a36b2af726d224baf39",
        "user": "User787"
    },
    {
        "hash": "43405dfb5c3fb7c22c869e35",
        "user": "User788"
    },
    {
        "hash": "f3c24258e21c49c7d6d38da4",
        "user": "User789"
    },
    {
        "hash": "91e56005dadf7456f1064ce3",
        "user": "User790"
    },
    {
        "hash": "1639d3c9951b5a4aa0dc2597",
        "user": "User791"
    },
    {
        "hash": "012e9c48a3bc73bae2cad21e",
        "user": "User792"
    },
    {
        "hash": "b01bdb4f287a9061014283a6",
        "user": "User793"
    },
    {
        "hash": "bda049669ecd54032e295512",
        "user": "User794"
    },
    {
        "hash": "0b47b5f69bb5419c0e8aacc4",
        "user": "User795"
    },
    {
        "hash": "10c9895700836414f43e368d",
        "user": "User796"
    },
    {
        "hash": "47c62eb264dd4f0b6b698cac",
        "user": "User797"
    },
    {
        "hash": "262e6fcc9f4c0672fb4cc31e",
        "user": "User798"
    },
    {
        "hash": "bcf789fae4aeb5c0377f888d",
        "user": "User799"
    },
    {
        "hash": "dcfbeda7b3452c2e1728898e",
        "user": "User800"
    },
    {
        "hash": "722b6db596645594789cbfd6",
        "user": "User801"
    },
    {
        "hash": "1d58aaed498a8027c9089f20",
        "user": "User802"
    },
    {
        "hash": "58b6f5f906b752875f6f9c92",
        "user": "User803"
    },
    {
        "hash": "740bbd5a5f311d96c65fc29e",
        "user": "User804"
    },
    {
        "hash": "2e5e51e0daa0cc36c33f0a3b",
        "user": "User805"
    },
    {
        "hash": "7b3189478091fa71157087dd",
        "user": "User806"
    },
    {
        "hash": "09637f6140858994a6aa95b9",
        "user": "User807"
    },
    {
        "hash": "eb90e510712a73f1adec5ab9",
        "user": "User808"
    },
    {
        "hash": "5b2e3df7df9812f63629a763",
        "user": "User809"
    },
    {
        "hash": "3c23b10ca612c0478fdb8943",
        "user": "User810"
    },
    {
        "hash": "50ccb9266039fd64cad2038b",
        "user": "User811"
    },
    {
        "hash": "7633c0882ac05346546ce6bf",
        "user": "User812"
    },
    {
        "hash": "9cc1504f38ef9abfb211409a",
        "user": "User813"
    },
    {
        "hash": "8ea1ec18b0e2b0b330a16bfe",
        "user": "User814"
    },
    {
        "hash": "0b63d7d3cac6b18a18a79bd2",
        "user": "User815"
    },
    {
        "hash": "ad8f4ab15af98d2d361a0ba0",
        "user": "User816"
    },
    {
        "hash": "602e181755e7b2b104fc22b5",
        "user": "User817"
    },
    {
        "hash": "e3a3b53dfdb429e796387272",
        "user": "User818"
    },
    {
        "hash": "69ac325c35b799875ec8d78a",
        "user": "User819"
    },
    {
        "hash": "1a7156c0545e80b68491e649",
        "user": "User820"
    },
    {
        "hash": "9e1d07b5e65f727008934a61",
        "user": "User821"
    },
    {
        "hash": "45562cb7fb0e4cc9ca009809",
        "user": "User822"
    },
    {
        "hash": "084be56da1fc6ba4bb1365dc",
        "user": "User823"
    },
    {
        "hash": "946107661b081c82adb4e343",
        "user": "User824"
    },
    {
        "hash": "c91f0b9cdb9fedb3f59a9386",
        "user": "User825"
    },
    {
        "hash": "aed23cef3c87f35fc244acf0",
        "user": "User826"
    },
    {
        "hash": "d18a0661251a648b375ffa63",
        "user": "User827"
    },
    {
        "hash": "957b4de48fd8d8a83cc5be1c",
        "user": "User828"
    },
    {
        "hash": "f5612b66817c734603013b3b",
        "user": "User829"
    },
    {
        "hash": "3294345b7f75557d53426ebc",
        "user": "User830"
    },
    {
        "hash": "761eb46f8f2d4080dc746bf1",
        "user": "User831"
    },
    {
        "hash": "897041221e1d4e0b2e19ebab",
        "user": "User832"
    },
    {
        "hash": "ff65802354abeaa932119030",
        "user": "User833"
    },
    {
        "hash": "5a97abe344f7a64c731341ac",
        "user": "User834"
    },
    {
        "hash": "2f1ec3c8917385994fc81002",
        "user": "User835"
    },
    {
        "hash": "bf358aa675c2f5ccb91288e3",
        "user": "User836"
    },
    {
        "hash": "fc896c423e9ecf541fc769a0",
        "user": "User837"
    },
    {
        "hash": "758b7aa677ecd8ec8fb50af0",
        "user": "User838"
    },
    {
        "hash": "772dab22a1443ec048c2f226",
        "user": "User839"
    },
    {
        "hash": "19280f0055debe4545381aec",
        "user": "User840"
    },
    {
        "hash": "e287bd3a4233ffa7368f23f5",
        "user": "User841"
    },
    {
        "hash": "eade78fe4612f1bb10fb1665",
        "user": "User842"
    },
    {
        "hash": "7940f015fe7427a9d4bab1f8",
        "user": "User843"
    },
    {
        "hash": "574f9c94323155c8744030e4",
        "user": "User844"
    },
    {
        "hash": "d7c682e4461d75e2de4bf044",
        "user": "User845"
    },
    {
        "hash": "54ea6664179b44be1ab195bb",
        "user": "User846"
    },
    {
        "hash": "042328ac0d44ac3983d4e51d",
        "user": "User847"
    },
    {
        "hash": "98ecca9b0e882c6138920aa2",
        "user": "User848"
    },
    {
        "hash": "1b2ce1b890e91ff00e509dfe",
        "user": "User849"
    },
    {
        "hash": "f165bf9fed465be3c3415b22",
        "user": "User850"
    },
    {
        "hash": "94f3d5d0c2a60f12a6a88252",
        "user": "User851"
    },
    {
        "hash": "6fd17db7943ea6ed4569e527",
        "user": "User852"
    },
    {
        "hash": "1984df75b0f7ef366fd345d1",
        "user": "User853"
    },
    {
        "hash": "31b9b937896b20ae276a0eb7",
        "user": "User854"
    },
    {
        "hash": "8fa4c566ca1da0718d3ad3c2",
        "user": "User855"
    },
    {
        "hash": "273f6232b675277f436dbbe2",
        "user": "User856"
    },
    {
        "hash": "70b526c8e182d94838b2e492",
        "user": "User857"
    },
    {
        "hash": "9a35d69d26dbded6734cb14c",
        "user": "User858"
    },
    {
        "hash": "737dd1bca21d67a7c158ed42",
        "user": "User859"
    },
    {
        "hash": "92c4638f00f7683b7b6303db",
        "user": "User860"
    },
    {
        "hash": "3a92c75f6fb7b61a108a3739",
        "user": "User861"
    },
    {
        "hash": "4b45acde80f754441522d10c",
        "user": "User862"
    },
    {
        "hash": "09ccf5d2e6287c770a40cf2c",
        "user": "User863"
    },
    {
        "hash": "db61b8298cb4c428b40d5e0f",
        "user": "User864"
    },
    {
        "hash": "df68ca016f6a74e9eb0d2ea3",
        "user": "User865"
    },
    {
        "hash": "aa79b91948abc0b9e2938629",
        "user": "User866"
    },
    {
        "hash": "613edb46ea86f32e89538c97",
        "user": "User867"
    },
    {
        "hash": "c6679c359a22afa4ad9e801a",
        "user": "User868"
    },
    {
        "hash": "0778e3ba820ce770587b7836",
        "user": "User869"
    },
    {
        "hash": "f0a3ea610b7c34c88b229684",
        "user": "User870"
    },
    {
        "hash": "c2b0b632bb3996efa106dac8",
        "user": "User871"
    },
    {
        "hash": "963022d832b8972df687eded",
        "user": "User872"
    },
    {
        "hash": "c3740b8074a54d6ab28d6802",
        "user": "User873"
    },
    {
        "hash": "e7ef112d17ab40ffa208283a",
        "user": "User874"
    },
    {
        "hash": "4f0d1fb767a32c9bffb6c599",
        "user": "User875"
    },
    {
        "hash": "95a410e394664d0dcd8799da",
        "user": "User876"
    },
    {
        "hash": "968d87d2022747fd6d773f6c",
        "user": "User877"
    },
    {
        "hash": "310324937013b62d919269bf",
        "user": "User878"
    },
    {
        "hash": "527ebf43ec3e2c83eea38ee6",
        "user": "User879"
    },
    {
        "hash": "05e2324ba440ada4cd043032",
        "user": "User880"
    },
    {
        "hash": "b7e23053168289416a053fa4",
        "user": "User881"
    },
    {
        "hash": "d1acde24476e163df643aa34",
        "user": "User882"
    },
    {
        "hash": "02188fa0ea06606475c89beb",
        "user": "User883"
    },
    {
        "hash": "5fd07b0ecc931381585b7994",
        "user": "User884"
    },
    {
        "hash": "774fb78f7651c4eb7180d933",
        "user": "User885"
    },
    {
        "hash": "fce486ae78ab62e1e68ad8b0",
        "user": "User886"
    },
    {
        "hash": "6696d4d6fa08d3d6b969c250",
        "user": "User887"
    },
    {
        "hash": "9db7996ada56c54333afd65c",
        "user": "User888"
    },
    {
        "hash": "4f5384ff96d75d6a20695355",
        "user": "User889"
    },
    {
        "hash": "b02cd5eb0c0065071834e769",
        "user": "User890"
    },
    {
        "hash": "9569ca66a14e0e66f3ff6bc7",
        "user": "User891"
    },
    {
        "hash": "144a344d8c1088df96153e87",
        "user": "User892"
    },
    {
        "hash": "3744dd066f33b21e40bb95db",
        "user": "User893"
    },
    {
        "hash": "b479ffeef22193633f71e1c7",
        "user": "User894"
    },
    {
        "hash": "56d1c8cc7da3c95d2b57dbd5",
        "user": "User895"
    },
    {
        "hash": "b1dd19669162be494216aa4b",
        "user": "User896"
    },
    {
        "hash": "b4502f9b49d2088afdfe1b46",
        "user": "User897"
    },
    {
        "hash": "057d008ae797c260c8e3d20d",
        "user": "User898"
    },
    {
        "hash": "98a7005d5752ebca5c2d4159",
        "user": "User899"
    },
    {
        "hash": "c8a23355bbef1f14f0c5e4ec",
        "user": "User900"
    },
    {
        "hash": "45b0328d457be5fdcf0293b5",
        "user": "User901"
    },
    {
        "hash": "2b4b820d5e414b7c22c1c06f",
        "user": "User902"
    },
    {
        "hash": "689224d255f41aa537ef31fd",
        "user": "User903"
    },
    {
        "hash": "ca80d7bb39d5f1a1f9501724",
        "user": "User904"
    },
    {
        "hash": "95fd9eaadee6081c758b2740",
        "user": "User905"
    },
    {
        "hash": "7cd2371d4683a1e452575363",
        "user": "User906"
    },
    {
        "hash": "1879f259fe61db02bcbdb710",
        "user": "User907"
    },
    {
        "hash": "f1b852494df7d61c5ccb453a",
        "user": "User908"
    },
    {
        "hash": "d272cfc543128a53bcbd6367",
        "user": "User909"
    },
    {
        "hash": "5c7006b12e261f19a3dd9a79",
        "user": "User910"
    },
    {
        "hash": "39e888cefe6974794f115949",
        "user": "User911"
    },
    {
        "hash": "f80c6090f4034168f90201dd",
        "user": "User912"
    },
    {
        "hash": "8fecf0e96eee22673cf251da",
        "user": "User913"
    },
    {
        "hash": "b485ace345c3cc4305466573",
        "user": "User914"
    },
    {
        "hash": "3af7c16439d228b44a6c6701",
        "user": "User915"
    },
    {
        "hash": "e8c5a058325dbeaaf405609d",
        "user": "User916"
    },
    {
        "hash": "8a9d999654b5fa04c465a29a",
        "user": "User917"
    },
    {
        "hash": "a383ddaa50ba864a008b5130",
        "user": "User918"
    },
    {
        "hash": "fcafa54357873f0fc38c023a",
        "user": "User919"
    },
    {
        "hash": "cedf451597d362acb33e037a",
        "user": "User920"
    },
    {
        "hash": "5bfc6dd8b8c48b49ae9bf15a",
        "user": "User921"
    },
    {
        "hash": "16d3e25841064ddae5bcdacc",
        "user": "User922"
    },
    {
        "hash": "c6af29fdd147863cedd5aa6a",
        "user": "User923"
    },
    {
        "hash": "7ec5d0c8dff40938fffb50fb",
        "user": "User924"
    },
    {
        "hash": "6194c141f82f47721d12f16b",
        "user": "User925"
    },
    {
        "hash": "ad9a93cb57120eb778d74cc5",
        "user": "User926"
    },
    {
        "hash": "3e32777447daf577281a7667",
        "user": "User927"
    },
    {
        "hash": "d600dc26f315ccb4c2b91997",
        "user": "User928"
    },
    {
        "hash": "c5e0ff3142813e94a3feb4e7",
        "user": "User929"
    },
    {
        "hash": "16eb9a7cf9c90db46cb8ace3",
        "user": "User930"
    },
    {
        "hash": "03f88a31b84f93d48db97c0b",
        "user": "User931"
    },
    {
        "hash": "b239e6d5fe25363e0eef9dbf",
        "user": "User932"
    },
    {
        "hash": "3eba690e90f7660325fbf0db",
        "user": "User933"
    },
    {
        "hash": "b54d76f7294c371b2f3534c8",
        "user": "User934"
    },
    {
        "hash": "39b807c4822201d97ff64776",
        "user": "User935"
    },
    {
        "hash": "290807dcc48a8dd75fea3869",
        "user": "User936"
    },
    {
        "hash": "9fb20823366bd1436855904c",
        "user": "User937"
    },
    {
        "hash": "ea7fe3a693598d276731033d",
        "user": "User938"
    },
    {
        "hash": "cec28d5a3e7fb4c91aa59a45",
        "user": "User939"
    },
    {
        "hash": "6fc73350656de96a8e97dd9f",
        "user": "User940"
    },
    {
        "hash": "3cdd0d91a9fe357a3068c6f6",
        "user": "User941"
    },
    {
        "hash": "4b1997e17baea1364e4a07b4",
        "user": "User942"
    },
    {
        "hash": "e35329f98b7e0f32137bdc78",
        "user": "User943"
    },
    {
        "hash": "11d0ced88eb32d2f71f313a6",
        "user": "User944"
    },
    {
        "hash": "f5dd6fbc639ee1d33788d8b6",
        "user": "User945"
    },
    {
        "hash": "eae074c6a26629d1383dbe3e",
        "user": "User946"
    },
    {
        "hash": "f1a470f367d15576e84fad5c",
        "user": "User947"
    },
    {
        "hash": "a35229a00d2850953e00267f",
        "user": "User948"
    },
    {
        "hash": "a8b366102c00f9abad48ac29",
        "user": "User949"
    },
    {
        "hash": "c818241a655d546c4f17c54e",
        "user": "User950"
    },
    {
        "hash": "05142353a58c95ccc55b056d",
        "user": "User951"
    },
    {
        "hash": "c9c792192e251c9b65591c53",
        "user": "User952"
    },
    {
        "hash": "3fb2c683c3f2b00a7151b613",
        "user": "User953"
    },
    {
        "hash": "472d8875736e88fbff13c264",
        "user": "User954"
    },
    {
        "hash": "d6036345f89c75a58a04bc69",
        "user": "User955"
    },
    {
        "hash": "5ee2f2f3ffc30bf1bb614d51",
        "user": "User956"
    },
    {
        "hash": "8d27513961ed0dc67e493130",
        "user": "User957"
    },
    {
        "hash": "0b38e0f8ae74c9f6c4921c91",
        "user": "User958"
    },
    {
        "hash": "2040ba3c07926411ca786fdc",
        "user": "User959"
    },
    {
        "hash": "a294ee95f3540f914ec1086e",
        "user": "User960"
    },
    {
        "hash": "c3965542ee0f56b8b0f431a7",
        "user": "User961"
    },
    {
        "hash": "cae99cbbd15b018ef0b88d54",
        "user": "User962"
    },
    {
        "hash": "ccd5f561944795861b991b4c",
        "user": "User963"
    },
    {
        "hash": "d0b7129785574f2e956e58f0",
        "user": "User964"
    },
    {
        "hash": "6e5e3922a26c983e60047d63",
        "user": "User965"
    },
    {
        "hash": "ff9fd19327c3eac29eae9128",
        "user": "User966"
    },
    {
        "hash": "5857d6af430f0c1750f21f8b",
        "user": "User967"
    },
    {
        "hash": "f38fead25919e1a8b909e678",
        "user": "User968"
    },
    {
        "hash": "efe6a43bec43ab6a9922915b",
        "user": "User969"
    },
    {
        "hash": "6cbebc4cb352c14718d147c5",
        "user": "User970"
    },
    {
        "hash": "f7e5610e70c6a9ac35d32f2b",
        "user": "User971"
    },
    {
        "hash": "d883dc943bd50cd89f573a59",
        "user": "User972"
    },
    {
        "hash": "71f2f293f5ec65bd7020c551",
        "user": "User973"
    },
    {
        "hash": "f5abe7dfe1c300c9b80e3367",
        "user": "User974"
    },
    {
        "hash": "fd08d9a686a76b36e146ad5f",
        "user": "User975"
    },
    {
        "hash": "1b5f2809880cb19ec7dc93e7",
        "user": "User976"
    },
    {
        "hash": "3e94ace7adbefe5f1e92567c",
        "user": "User977"
    },
    {
        "hash": "f334f9a724aea2f10f69df07",
        "user": "User978"
    },
    {
        "hash": "e896fecf07fc2357ab7bc4f3",
        "user": "User979"
    },
    {
        "hash": "c4ce4ca84c1555c53a911c3b",
        "user": "User980"
    },
    {
        "hash": "423cbc3c49b5ebc8058f7402",
        "user": "User981"
    },
    {
        "hash": "8d04c80372f0aaf2cd50c16d",
        "user": "User982"
    },
    {
        "hash": "90e420285f2d088db1c80554",
        "user": "User983"
    },
    {
        "hash": "95a6826373c8b87b71a6d0ed",
        "user": "User984"
    },
    {
        "hash": "d70b0d8531e61708215adf28",
        "user": "User985"
    },
    {
        "hash": "08df6a7b0d7d4c99cf056531",
        "user": "User986"
    },
    {
        "hash": "a0aa6c00db5ae76803c2a7c7",
        "user": "User987"
    },
    {
        "hash": "9589226e76f2295778b12a0e",
        "user": "User988"
    },
    {
        "hash": "d4b786db31f2d1cc1e637e3a",
        "user": "User989"
    },
    {
        "hash": "490646ca4fac7f231b540f53",
        "user": "User990"
    },
    {
        "hash": "afd88f018c0bd2c4b1923001",
        "user": "User991"
    },
    {
        "hash": "5de3a9c8107e0bd4fe4d7dc5",
        "user": "User992"
    },
    {
        "hash": "51284392322eeb7e02c31752",
        "user": "User993"
    },
    {
        "hash": "0620cb282cb4ee528c2246d7",
        "user": "User994"
    },
    {
        "hash": "8257b5bf85c011505f1a83fb",
        "user": "User995"
    },
    {
        "hash": "d20542b0708c22b3e4293893",
        "user": "User996"
    },
    {
        "hash": "27f59c2b058d0727e04c7692",
        "user": "User997"
    },
    {
        "hash": "c089f3661871d49aec8cc881",
        "user": "User998"
    },
    {
        "hash": "54d17d415b50a732fd86b9ad",
        "user": "User999"
    }
]