[
    {
        "hash": "f3948b675c68a6c94f935c94",
        "user": "James"
    },
    {
        "hash": "18e1dd392168f601d0e56861",
        "user": "Robert"
    },
    {
        "hash": "9bb940a6941f6d6269687865",
        "user": "John"
    },
    {
        "hash": "ad1bca2633cbbbe7d378e36b",
        "user": "David"
    },
    {
        "hash": "5994471abb01112afcc18159",
        "user": "Linda"
    },
    {
        "hash": "e21a6b0cb193057e06ac16b8",
        "user": "Susan"
    },
    {
        "hash": "32b732701542a6cc2e42ca5a",
        "user": "Daniel"
    },
    {
        "hash": "ef1e8baa7d076d7e4d1ba10c",
        "user": "Harold"
    },
    {
        "hash": "226e4877959e54751e9ca78d",
        "user": "Betty"
    },
    {
        "hash": "0f53133ce57ca8e8937bb4b1",
        "user": "Judy"
    }
]